City_ID,City,Country,Max Temp,Current Description,Lat,Lng,Hotel Name
0,Nizwa,OM,90.03,few clouds,22.9333,57.5333,Orient Apartments
1,Hermanus,ZA,55.9,few clouds,-34.4187,19.2345,Misty Waves Boutique Hotel
3,Cape Town,ZA,56.12,clear sky,-33.9258,18.4232,Southern Sun Waterfront Cape Town
4,Mar Del Plata,AR,53.62,clear sky,-38.0023,-57.5575,Gran Hotel Mar del Plata
5,Asosa,ET,59.99,overcast clouds,10.0667,34.5333,Blendana Hotel Assosa
6,Castro,BR,62.11,scattered clouds,-24.7911,-50.0119,CHACARA BAILLY
7,Edson,CA,75.34,few clouds,53.5835,-116.4356,"Holiday Inn Express & Suites Edson, an IHG Hotel"
10,Rognan,NO,53.89,overcast clouds,67.0953,15.3878,Rognan Hotell
12,Palmer,US,83.03,scattered clouds,42.1584,-72.3287,Wedgewood Motel
14,Nikolskoye,RU,60.03,scattered clouds,59.7035,30.7861,Tourist House - Sablino
17,San Quintin,MX,75.76,clear sky,30.4833,-115.95,Don Eddie's Sport Fishing Center
19,Harper,LR,76.26,scattered clouds,4.375,-7.7169,Screensaver
20,Eureka,US,73.2,broken clouds,40.8021,-124.1637,Eureka Inn Trademark By Wyndham
22,Puerto Ayora,EC,76.96,overcast clouds,-0.7393,-90.3518,Finch Bay Galapagos Hotel
23,Rikitea,PF,74.64,clear sky,-23.1203,-134.9692,People ThankYou
25,Port Alfred,ZA,59.5,clear sky,-33.5906,26.891,The Halyards Hotel
28,Jamestown,US,76.32,clear sky,42.097,-79.2353,Hampton Inn & Suites Jamestown
30,Hami,CN,78.71,overcast clouds,42.8,93.45,Laoyutang Resort
31,Atuona,PF,77.92,scattered clouds,-9.8,-139.0333,Villa Enata
32,Airai,TL,57.34,scattered clouds,-8.9266,125.4092,Juvinal Martin
35,North Bend,US,71.17,scattered clouds,43.4065,-124.2243,Red Lion Hotel Coos Bay
36,Altay,CN,59.41,overcast clouds,47.8667,88.1167,Jinqiao Hotel
37,Jalalabad,AF,82.22,clear sky,34.4265,70.4515,ÿßŸÜÿµÿßŸÅ ⁄ÜŸáÿßÿ±ÿØŸáŸä ŸáŸàŸºŸÑ
39,Jumla,NP,57.51,overcast clouds,29.2747,82.1838,"‡§Ö‡§®‡•ç‡§®‡•Ä ‡§ò‡§∞, ‡§ú‡•Å‡§Æ‡•ç‡§≤‡§æ - Anni Ghar"
41,Chuy,UY,56.28,scattered clouds,-33.6971,-53.4616,Nuevo Hotel Plaza
43,Rio Grande,BR,59.11,clear sky,-32.035,-52.0986,Hotel Atl√¢ntico Rio Grande
45,Ribeira Grande,PT,75.6,scattered clouds,38.5167,-28.7,Quinta da Meia Eira
46,Verkhnyaya Inta,RU,55.94,overcast clouds,65.9811,60.3094,
48,Vysokogornyy,RU,57.9,few clouds,50.1167,139.15,
49,Hilo,US,80.33,overcast clouds,19.7297,-155.09,Hilo Hawaiian Hotel
50,Vaini,TO,69.96,broken clouds,-21.2,-175.2,Keleti Beach Resort
51,Tchaourou,BJ,74.25,overcast clouds,8.8865,2.5975,SAFIR HOTEL
52,Grimshaw,CA,71.22,overcast clouds,56.1834,-117.6027,Pomeroy Inn & Suites Grimshaw
53,Guia De Isora,ES,84.52,scattered clouds,28.2115,-16.7795,La Vista Pension
54,Piacenza,IT,86.41,clear sky,45.0468,9.6994,Best Western Park Hotel
55,Perth,AU,59.18,clear sky,-31.9333,115.8333,Beatty Lodge
56,Kenai,US,65.03,clear sky,60.5544,-151.2583,Aspen Extended Stay Suites
57,Taga,RO,70.29,clear sky,46.95,24.05,
59,Ginda,IN,61.48,clear sky,30.6945,78.4932,Bal uma sankar hotel and restaurant
62,Morondava,MG,67.19,clear sky,-20.2833,44.2833,La Case Bambou
63,Gat,IL,81.28,clear sky,31.61,34.7642,OlusHome
64,Saint-Augustin,CA,68.85,overcast clouds,51.226,-58.6502,
67,Gamba,GA,74.12,overcast clouds,-2.65,10.0,
69,San Juan,AR,72.79,few clouds,-31.5375,-68.5364,Hotel Provincial
70,Broome,US,78.01,broken clouds,42.2506,-75.833,Chenango Valley State Park
71,Athens,GR,80.24,clear sky,37.9795,23.7162,Novotel Athenes
72,Victoria,HK,82.36,broken clouds,22.2855,114.1577,Mini Hotel Central
73,Gizo,SB,81.7,broken clouds,-8.103,156.8419,Imagination Island
75,Cayenne,GF,80.64,clear sky,4.9333,-52.3333,H√¥tel Le Dronmi
76,Port Lincoln,AU,55.06,overcast clouds,-34.7333,135.8667,Port Lincoln Hotel
80,Hasaki,JP,68.4,overcast clouds,35.7333,140.8333,Hotel Sunrise Choshi
81,Sola,VU,77.68,broken clouds,-13.8833,167.55,Leumerus Bungalows
84,Acari,PE,69.49,few clouds,-15.4311,-74.6158,HOSPEDAJE XIMENA
85,Tirunelveli,IN,79.52,overcast clouds,8.7333,77.7,Hotel MNH Royal Park
86,Albany,US,78.8,overcast clouds,42.6001,-73.9662,
87,Songea,TZ,62.26,overcast clouds,-10.6833,35.65,mtakuja
88,Saint-Jovite,CA,71.76,overcast clouds,46.1186,-74.5966,H√¥tel Vacances Tremblant
89,Butaritari,KI,82.8,scattered clouds,3.0707,172.7902,Isles Sunset Lodge
91,Pulandian,CN,73.53,overcast clouds,39.3953,121.9669,HR East Hotel
92,Aklavik,CA,58.03,overcast clouds,68.2191,-135.0107,Aklavik Inn
94,Weston,US,88.02,clear sky,26.1004,-80.3998,Courtyard by Marriott Fort Lauderdale Weston
95,Ponta Delgada,PT,74.12,scattered clouds,37.7333,-25.6667,Vila Nova Hotel
96,Carnarvon,AU,57.27,broken clouds,-24.8667,113.6333,Hospitality Carnarvon
97,Bacalar,MX,87.73,scattered clouds,18.6667,-88.3833,Hotel Laguna Bacalar
98,Kavaratti,IN,80.51,overcast clouds,10.5669,72.642,Hotels in Lakshadweep Islands
99,Karratha,AU,71.82,broken clouds,-20.7377,116.8463,ibis Styles Karratha
101,Avarua,CK,75.25,broken clouds,-21.2078,-159.775,Paradise Inn
103,Coquimbo,CL,58.73,clear sky,-29.9533,-71.3436,Punto de encuentro
107,Bengkulu,ID,74.48,overcast clouds,-3.8004,102.2655,Grage Hotel Bengkulu
110,Ust-Maya,RU,63.97,overcast clouds,60.4167,134.5333,
111,Karpathos,GR,76.06,clear sky,35.507,27.2132,Alex
114,Krasnoye,UA,70.95,broken clouds,49.9145,24.6134,Feniks
115,Dauphin,CA,86.14,clear sky,51.1494,-100.0502,Canway Inn & Suites
116,Aksu,CN,67.78,broken clouds,41.1231,80.2644,Pudong Holiday Hotel
117,Awjilah,LY,85.35,clear sky,29.1081,21.2869,
121,Alofi,NU,73.29,overcast clouds,-19.0595,-169.9187,Taloa Heights
124,Kloulklubed,PW,84.13,broken clouds,7.0419,134.2556,Storyboard Beach Resort
125,Severo-Kurilsk,RU,55.92,scattered clouds,50.6789,156.125,–ê–ø–∞—Ä—Ç–∞–º–µ–Ω—Ç—ã/–ö–≤–∞—Ä—Ç–∏—Ä—ã –ø–æ—Å—É—Ç–æ—á–Ω–æ
126,Katsuura,JP,68.11,overcast clouds,35.1333,140.3,Katsuura Hotel Mikazuki
127,Moyale,KE,72.54,overcast clouds,3.5167,39.0584,La Tahzan Guest House
128,Wenling,CN,79.88,overcast clouds,28.3669,121.36,Hanting Express Wenling Wanchang North Road
129,Batamshinskiy,KZ,67.98,few clouds,50.5594,58.2747,
130,Thompson,CA,77.16,scattered clouds,55.7435,-97.8558,Burntwood Hotel
131,Tezu,IN,76.28,overcast clouds,27.9167,96.1667,Circuit House
132,Sladkovicovo,SK,78.89,overcast clouds,48.2014,17.6385,Hotel Tevel
134,Sao Filipe,CV,76.91,overcast clouds,14.8961,-24.4956,Hotel Xaguate
135,Ponta Do Sol,PT,84.83,clear sky,32.6667,-17.1,Hotel do Campo
136,Bethel,US,83.46,clear sky,41.3712,-73.414,Courtyard by Marriott Danbury
137,Schio,IT,80.87,clear sky,45.7124,11.3574,Schio Hotel
138,Sayville,US,84.56,broken clouds,40.7359,-73.0821,La Quinta Inn & Suites by Wyndham Islip - MacArthur Airport
140,Dwarka,IN,81.1,overcast clouds,22.2394,68.9678,Hotel Narayan Avezika Comfort
141,Bathsheba,BB,88.41,few clouds,13.2167,-59.5167,Atlantis Hotel
143,Sirjan,IR,82.63,clear sky,29.452,55.6814,MAPNA Building
144,Fortuna,US,73.92,few clouds,40.5982,-124.1573,Super 8 by Wyndham Fortuna
145,Kodiak,US,62.11,clear sky,57.79,-152.4072,Best Western Kodiak Inn And Convention Center
147,Hithadhoo,MV,82.89,overcast clouds,-0.6,73.0833,Scoop Guest House
149,Ostrovnoy,RU,54.09,overcast clouds,68.0531,39.5131,
150,Syedove,UA,72.61,scattered clouds,47.0768,38.156,–ó–µ–ª–µ–Ω—ã–π –¥–≤–æ—Ä–∏–∫ - 37
151,Tsaratanana,MG,63.19,clear sky,-16.7833,47.65,
152,Namibe,AO,65.75,few clouds,-15.1961,12.1522,Hotel Chik Chik Namibe
153,Limenaria,GR,78.94,clear sky,40.6261,24.5786,Thalassies Hotel
154,Port Hedland,AU,66.25,clear sky,-20.3167,118.5667,The Esplanade Hotel
155,Saint Stephen,GB,62.38,broken clouds,50.3333,-4.9,4 stepaside corner
156,Boyolangu,ID,73.18,broken clouds,-8.1181,111.8935,Yos ega cv
157,Durusu,TR,76.84,clear sky,41.3053,28.6767,√áƒ±nar Pansiyon
159,Gornozavodsk,RU,54.39,few clouds,58.3758,58.3211,Hotel Ural
162,Mossendjo,CG,74.73,broken clouds,-2.9506,12.7261,HOTEL D'ASSISE
163,Arraial Do Cabo,BR,69.76,broken clouds,-22.9661,-42.0278,Pousada Porto Praia
164,Khatanga,RU,55.83,overcast clouds,71.9667,102.5,"Gostinitsa ""Zapolyar'ye"""
165,Lomianki,PL,73.31,clear sky,52.3341,20.886,Hotel FORT Centrum Konferencyjno - Hotelowe
167,Dudinka,RU,55.04,broken clouds,69.4058,86.1778,Hotel Viktoria
168,Tual,ID,79.99,broken clouds,-5.6667,132.75,Grand Vilia Hotel
169,Yellowknife,CA,63.12,broken clouds,62.456,-114.3525,The Explorer Hotel
170,Lagoa,PT,71.24,overcast clouds,39.05,-27.9833,Casa Das Faias
171,Labuhan,ID,75.87,scattered clouds,-6.8844,112.2051,PT PPI Lamongan Tambak C
173,Strai,NO,55.63,clear sky,58.2,7.9,Moster√∏y
175,Hornepayne,CA,83.07,scattered clouds,49.2138,-84.7705,Kay-Vee Lodge Ltd
176,Lazarev,RU,60.26,clear sky,52.225,141.5131,
179,Sao Joao Da Barra,BR,73.49,overcast clouds,-21.6403,-41.0511,Pousada Porto De Canoas
181,Acapulco,MX,85.59,scattered clouds,16.8634,-99.8901,HS Hotsson Smart Acapulco
182,Basco,PH,83.19,scattered clouds,20.4487,121.9702,Nathaniel's Lodge
183,Wanning,CN,80.04,scattered clouds,18.8003,110.3967,Paradise Hotel
184,Saint Anthony,US,88.18,clear sky,45.0205,-93.218,"Holiday Inn Express Roseville-St. Paul, an IHG Hotel"
185,Geraldton,AU,57.61,clear sky,-28.7667,114.6,Broadwater Mariner Resort
186,Zheleznodorozhnyy,RU,72.14,broken clouds,55.7503,38.0042,Hotel Dali
187,Moerai,PF,72.34,broken clouds,-22.4333,-151.3333,Le Manotel
188,Thinadhoo,MV,82.4,overcast clouds,0.5333,72.9333,
191,Pingliang,CN,62.46,broken clouds,35.5392,106.6861,North Gate Hostel
192,Sebinkarahisar,TR,58.19,overcast clouds,40.2883,38.4236,Sebinkarahisar Ogretmenevi
193,Flinders,AU,58.17,clear sky,-34.5833,150.8552,Shellharbour Resort & Conference Centre
196,Chirongui,YT,73.33,clear sky,-12.9319,45.1483,La Villa Mahatsara
197,Shitanjing,CN,67.69,broken clouds,39.2342,106.3439,
198,Samarai,PG,78.35,broken clouds,-10.6167,150.6667,Nuli Sapi
199,Mackenzie,CA,71.82,broken clouds,55.2999,-123.1698,Hilton Shop
200,Arcata,US,73.2,scattered clouds,40.8665,-124.0828,"Hampton Inn & Suites Arcata, CA"
201,Itarema,BR,78.96,few clouds,-2.9248,-39.9167,"Sea Lounge! Bar, Club & Restaurant"
203,Port Elizabeth,ZA,57.49,scattered clouds,-33.918,25.5701,39 On Nile Guest House
204,Najran,SA,88.45,overcast clouds,17.4924,44.1277,ŸÖÿ≠ŸÖÿØ ŸáÿßÿØŸä ÿßŸÑ ŸÅÿ∑Ÿäÿ≠
205,Charters Towers,AU,61.09,broken clouds,-20.1,146.2667,Cattleman's Rest Motor Inn
207,Omutninsk,RU,57.83,overcast clouds,58.67,52.1932,"Hotel ""Road"""
209,Cabedelo,BR,77.67,broken clouds,-6.9811,-34.8339,Hotel Pigalle
210,Pisco,PE,66.02,clear sky,-13.7,-76.2167,Hotel San Isidro Oficial
213,Ballina,AU,54.79,scattered clouds,-28.8667,153.5667,Ramada Hotel & Suites by Wyndham Ballina Byron
214,Nhulunbuy,AU,74.01,clear sky,-12.2333,136.7667,East Arnhem Real Estate
218,Porto Novo,BJ,78.62,overcast clouds,6.4965,2.6036,Tour Eiffel Hotel Benin
219,Loding,NO,53.65,broken clouds,67.3,14.75,Arctic Kramer minicamping
220,Pandamatenga,BW,60.48,clear sky,-18.5278,25.627,Wildtrack Safaris Eco Lodge
221,Abbeville,FR,62.56,clear sky,50.1,1.8333,H√¥tel Mercure Abbeville Centre - Porte de la Baie de Somme
222,Noyabrsk,RU,55.85,broken clouds,63.1994,75.4507,Hotel Uyutnaya
223,Sistranda,NO,54.9,overcast clouds,63.7256,8.834,Hotell Fr√∏ya
224,Kyrylivka,UA,73.74,overcast clouds,46.3759,35.3675,"Rok-Hotel π ""Kleopatra"""
225,Okha,RU,57.38,clear sky,53.5739,142.9478,–ò–º–ø–µ—Ä–∏—è
231,Guebwiller,FR,73.44,clear sky,47.9167,7.2,Le Saint-Barnab√© | H√¥tel et Spa Haut-Rhin
234,Las Guacamayas,MX,87.03,scattered clouds,18.0167,-102.2167,DIDPROQUIM
235,Mayna,RU,66.38,scattered clouds,54.1135,47.6231,Gostinnitsa
236,Mount Isa,AU,64.17,clear sky,-20.7333,139.5,ibis Styles Mt Isa Verona
237,Butembo,CD,56.01,broken clouds,0.15,29.2833,Hotel Butembo
238,Shimanovsk,RU,60.84,few clouds,52.0,127.7,–ì–æ—Å—Ç–∏–Ω–∏—Ü–∞ –î–æ–º–∞—à–Ω—è—è
239,Chapais,CA,71.38,scattered clouds,49.7834,-74.8492,H√¥tel Op√©miska
241,Boralday,KZ,58.86,broken clouds,43.3578,76.8594,"Zhetysu, Too Zhetysu"
242,Karagaylinskiy,RU,54.09,scattered clouds,54.172,86.5521,
243,Hamilton,US,78.93,overcast clouds,39.1834,-84.5333,Six Acres Bed & Breakfast
244,Touros,BR,79.7,scattered clouds,-5.1989,-35.4608,INN NEW HORIZON
245,Popondetta,PG,73.04,broken clouds,-8.7537,148.2534,Timos Transit House
246,Betsiamites,CA,75.29,few clouds,48.9413,-68.646,
247,Carutapera,BR,76.23,broken clouds,-1.195,-46.02,Lidera
248,Visby,SE,64.85,overcast clouds,57.6409,18.296,Best Western Solhem Hotel Visby
249,Abha,SA,69.62,overcast clouds,18.2164,42.5053,Abha Hotel
250,Aldan,RU,60.87,few clouds,58.6031,125.3894,Aldan Guest House
252,Ilirska Bistrica,SI,76.12,clear sky,45.5697,14.2408,Rooms Antonija
253,Uetze,DE,71.1,broken clouds,52.4651,10.2047,Zimmervermietung Erdmann-Uetze
254,Nouadhibou,MR,73.38,few clouds,20.931,-17.0347,El Medina
255,Buchanan,LR,75.85,overcast clouds,5.8808,-10.0467,Kamaneahn Hotel Inc
257,Bure,ET,56.39,overcast clouds,10.7,37.0667,Holiday
258,East London,ZA,59.29,clear sky,-33.0153,27.9116,Tu Casa
259,Lev Tolstoy,RU,65.64,scattered clouds,53.2134,39.446,Gostinitsa
260,Lincoln,US,88.09,scattered clouds,40.8,-96.667,Courtyard by Marriott Lincoln Downtown/Haymarket
262,Lagos,NG,79.12,overcast clouds,6.5833,3.75,
264,Sinnamary,GF,75.97,overcast clouds,5.3833,-52.95,ALETHEIA Appartement Sinnamary
266,Laela,TZ,60.69,broken clouds,-8.5667,32.05,
267,Kijang,KR,73.13,overcast clouds,35.2442,129.2139,Samyang Beach Villa
268,Parambu,BR,82.02,broken clouds,-6.2111,-40.6944,Hotel pousada santo onofre
269,Vostok,RU,56.25,broken clouds,46.4856,135.8833,
271,Hadgaon,IN,79.02,overcast clouds,19.5,77.6667,Ayan khan
272,Norman Wells,CA,55.44,overcast clouds,65.282,-126.8329,Heritage Hotel
273,Torbay,CA,79.57,broken clouds,47.6666,-52.7314,Gallows Cove
275,Vanimo,PG,76.42,broken clouds,-2.6741,141.3028,Vahmoneh Lodge Vanimo
278,Hay River,CA,60.78,broken clouds,60.8156,-115.7999,Ptarmigan Inn
279,Carballo,ES,64.9,clear sky,43.213,-8.691,Pazo do Souto
281,Krasnyy Luch,UA,64.58,overcast clouds,48.1395,38.9371,"–ö–†–ê–°–ù–´–ô –õ–£–ß, –ì–û–°–¢–ò–ù–ò–¶–ê"
283,Chapadinha,BR,83.1,overcast clouds,-3.7417,-43.3603,Chapadinhense Hotel
284,Malindi,KE,75.15,few clouds,-3.2175,40.1191,African House Resort
285,Caloundra,AU,62.06,clear sky,-26.8,153.1333,Watermark Resort Caloundra
287,Bima,ID,71.65,clear sky,-8.4667,118.7167,Lambitu Hotel
288,Muros,ES,65.98,clear sky,42.7762,-9.0603,Apartment Av. Castelao
289,Kupang,ID,75.24,clear sky,-10.1667,123.5833,Hotel On The Rock by Prasanthi
290,Prince Albert,CA,85.95,broken clouds,53.2001,-105.7677,"Holiday Inn Express & Suites Prince Albert, an IHG Hotel"
291,Sortavala,RU,57.13,overcast clouds,61.7053,30.6918,Lamberg
292,Isangel,VU,62.71,broken clouds,-19.55,169.2667,Tanna Lodge
296,Asuncion Nochixtlan,MX,71.85,broken clouds,17.4667,-97.2333,Hotel Kristal
297,Arman,RU,57.87,overcast clouds,59.7,150.1667,
299,Linqu,CN,68.86,scattered clouds,36.5156,118.5397,Jiaohua Hotel
300,Mandalgovi,MN,63.25,scattered clouds,45.7625,106.2708,–í.–ì–∞–Ω–±–∞—Ç
301,Guerrero Negro,MX,80.55,clear sky,27.9769,-114.0611,"Casa Laguna, Bed & Breakfast"
302,Ohara,JP,68.29,overcast clouds,35.25,140.3833,È≠Å
303,Tautira,PF,84.22,few clouds,-17.7333,-149.15,Pension Oaoa
305,Kasongo-Lunda,CD,84.16,broken clouds,-6.4667,16.8167,
306,Bereda,ES,61.57,clear sky,43.2686,-7.5406,Pazo de Verdes
308,Oistins,BB,87.89,few clouds,13.0667,-59.5333,Butterfly Beach Hotel
309,Kathmandu,NP,67.23,overcast clouds,27.7167,85.3167,Hotel Shanker Kathmandu
311,Orodara,BF,73.78,overcast clouds,10.9492,-4.9342,Bkf Orodara
312,High Rock,BS,86.02,overcast clouds,26.6208,-78.2833,Hideaway Bahamas Beach Club
313,Port Shepstone,ZA,59.65,clear sky,-30.7414,30.455,My Den Beachfront Bed and Breakfast | Self-Catering
314,Muriae,BR,71.87,broken clouds,-21.1306,-42.3664,Premium Plaza Hotel
315,Nemuro,JP,56.19,scattered clouds,43.3236,145.575,Hotel Nemuro Kaiyoutei
316,Xuddur,SO,73.02,broken clouds,4.1213,43.8894,Banjanay Hotel
319,Virginia Beach,US,86.11,broken clouds,36.8529,-75.978,Hilton Virginia Beach Oceanfront
322,Baiyin,CN,67.08,scattered clouds,36.5583,104.2081,GreenTree Alliance Gansu Baiyin Renmin Road Hotel
323,Antofagasta,CL,58.28,scattered clouds,-23.65,-70.4,"Holiday Inn Express Antofagasta, an IHG Hotel"
324,Issoire,FR,72.66,clear sky,45.55,3.25,ACE H√¥tel - Issoire
326,Acajutla,SV,86.81,overcast clouds,13.5928,-89.8275,asi es
327,Nimaparha,IN,82.96,overcast clouds,20.0667,86.0167,Maa Karanjai Sweet And Hotel üè®
329,Waingapu,ID,75.13,clear sky,-9.6567,120.2641,Pondok Wisata Elim
331,Santa Fe,AR,65.91,clear sky,-31.6333,-60.7,Conquistador Hotel
335,Turayf,SA,82.65,clear sky,31.6725,38.6637,Turaif
336,Middelburg,ZA,55.4,broken clouds,-25.7751,29.4648,Oregon Place Guest House
337,Visnes,NO,55.58,broken clouds,59.3556,5.2242,Park Inn Haugesund Airport
340,Kununurra,AU,78.78,overcast clouds,-15.7667,128.7333,Hotel Kununurra
341,Kahului,US,83.46,scattered clouds,20.8947,-156.47,Maui Seaside Hotel
342,Superior,US,89.94,clear sky,46.7208,-92.1041,"Holiday Inn Express & Suites Superior - Duluth Area, an IHG Hotel"
343,Necochea,AR,64.04,overcast clouds,-38.5473,-58.7368,dyd -mar Hotel
344,Kudat,MY,80.53,few clouds,6.8837,116.8477,Dream Garden Hotel
346,Corrente,BR,82.92,broken clouds,-3.7367,-43.3394,Chapadinhense Hotel
348,Trenggalek,ID,73.24,overcast clouds,-8.05,111.7167,OYO 2966 Hotel Atriaz
350,Prior Lake,US,88.09,clear sky,44.7133,-93.4227,Mystic Lake Casino Hotel
351,Abancay,PE,70.74,broken clouds,-13.6339,-72.8814,Siball Hotel
354,Pemba,MZ,75.9,few clouds,-12.974,40.5178,Guesthouse Samotina
355,Cidreira,BR,58.19,scattered clouds,-30.1811,-50.2056,Hotel Castelo
356,Cairns,AU,68.07,few clouds,-16.9167,145.7667,Mantra Trilogy Cairns
357,Faanui,PF,79.03,clear sky,-16.4833,-151.75,Bora-Bora Pearl Beach Resort & Spa
358,Baruun-Urt,MN,57.09,clear sky,46.6806,113.2792,–ê—Ö–º–∞–¥—ã–Ω –∞–º—Ä–∞–ª—Ç —Å—É–≤–∏–ª–∞–ª
362,Santa Maria,BR,70.9,few clouds,-29.6842,-53.8069,Hotel Morotin
363,Macomb,US,80.78,clear sky,40.4592,-90.6718,Hampton Inn Macomb
364,Makinsk,KZ,59.36,few clouds,52.6292,70.4169,Bereke
368,Piacabucu,BR,72.93,broken clouds,-10.4056,-36.4344,Pia√ßabu√ßu News
369,Avesta,SE,61.52,overcast clouds,60.1455,16.1679,Avesta Stadshotell AB
370,Shar,KZ,55.92,clear sky,49.5886,81.0453,
371,Terny,UA,67.1,clear sky,50.9833,33.9833,
372,Santa Rita,BR,77.67,scattered clouds,-7.1139,-34.9781,Infinity Motel
373,Plunge,LT,63.19,clear sky,55.9114,21.8442,Hotel Porto
374,Wad Rawah,SD,87.91,broken clouds,15.1603,33.1397,ŸàÿØ ÿßŸÑÿ™ÿ±ÿßÿ®Ÿä
375,Ilan,TW,82.26,clear sky,24.757,121.753,Dar Chen Hotel
378,Santa Rosa,PH,80.58,overcast clouds,14.3122,121.1114,Erlyn‚Äôs Sta Rosa City Home
379,Sabha,LY,84.56,clear sky,27.0377,14.4283,Foundation Taaj Asala for Historical Research and Archeology
380,Yatou,CN,70.83,overcast clouds,37.15,122.3833,GreenTree Hotel Rongcheng Bus Station
381,San Isidro,PE,71.02,overcast clouds,-12.1167,-77.05,Soul Mate-Inn
385,Shieli,KZ,68.04,clear sky,44.1667,66.75,Gostinitsa Aybek Shieli
388,Matay,EG,87.12,clear sky,28.419,30.7792,Nag Aespen
389,Safford,US,89.06,overcast clouds,32.834,-109.7076,SpringHill Suites by Marriott Thatcher
390,San Andres,CO,87.82,few clouds,12.5847,-81.7006,Hotel Arena Blanca
394,Nakhon Phanom,TH,73.08,overcast clouds,17.3333,104.4167,‡∏õ‡πà‡∏≤‡∏¢‡∏≤‡∏á‡∏£‡∏µ‡∏™‡∏≠‡∏£‡πå‡∏ó
395,Balykshi,KZ,71.6,clear sky,47.0667,51.8667,–ì–æ—Å—Ç–∏–Ω–∏—Ü–∞ Golden Rose
396,High Level,CA,57.31,light rain,58.5169,-117.136,Days Inn by Wyndham High Level
397,Yining,CN,73.69,overcast clouds,29.0361,114.5636,Xiushui Hotel
398,Mezen,RU,55.54,broken clouds,65.8522,44.24,Gostevoy Dom Everest
399,Keti Bandar,PK,79.79,overcast clouds,24.1447,67.4497,Haji laloo memon house
401,Goderich,CA,79.03,clear sky,43.7501,-81.7165,Harmony Inn
402,Mahibadhoo,MV,82.24,broken clouds,3.7833,72.9667,Omadhoo Inn
404,Kulhudhuffushi,MV,81.79,overcast clouds,6.6221,73.07,Hondaafushi Island Resort
407,Nenjiang,CN,59.29,clear sky,49.1833,125.2167,Nenjiang Apartment
409,Imeni Poliny Osipenko,RU,60.04,broken clouds,52.4201,136.4853,Yubileynaya
410,Poum,NC,70.5,overcast clouds,-20.2333,164.0167,G√Æte kajeon
413,Ustynivka,UA,66.58,few clouds,47.9551,32.5367,
414,Bandarbeyla,SO,78.22,overcast clouds,9.4942,50.8122,JABIR HOTEL
415,Saraza,PH,79.21,overcast clouds,8.7356,117.78,Farmqo Beach (Matangkay)
418,Skwierzyna,PL,67.68,overcast clouds,52.5991,15.5065,Kancelaria Ksiƒôgowa - Katarzyna Mazur
419,Mago,RU,62.65,clear sky,53.2514,140.1822,
421,Ngudu,TZ,71.02,few clouds,-2.9667,33.3333,Majani Classic Lodge
423,Escanaba,US,86.67,clear sky,45.7453,-87.0646,Sunset Lodge
425,Sambava,MG,66.45,clear sky,-14.2667,50.1667,Melrose
426,Salalah,OM,75.24,overcast clouds,17.0151,54.0924,HAMDAN PLAZA HOTEL SALALAH
427,Tambura,SS,67.59,overcast clouds,5.6,27.4667,Rikito Lodge
428,Blagoyevo,RU,59.29,overcast clouds,63.3667,47.9167,
429,Yeppoon,AU,58.78,scattered clouds,-23.1333,150.7333,Villa Mar Colina
430,Gander,CA,82.53,broken clouds,48.9682,-54.5906,Quality Hotel & Suites
431,Saldanha,ZA,55.45,few clouds,-33.0117,17.9442,Blue Bay Lodge
432,San Luis,AR,65.8,overcast clouds,-33.295,-66.3356,Huarpes Hotel
433,Phan Thiet,VN,75.51,overcast clouds,10.9333,108.1,Hotel Saigon-PT
434,Marang,MY,76.91,overcast clouds,5.2056,103.2059,DBarakah Homestay
436,Fujin,CN,61.9,scattered clouds,47.26,132.0322,Xilong Hotel Fujin Shop
437,Ampanihy,MG,59.83,clear sky,-24.7,44.75,Angora Hotel
438,Camopi,GF,80.65,scattered clouds,3.1655,-52.3158,
441,Kalmar,SE,62.96,clear sky,56.6616,16.3616,First Hotel Witt
442,Noumea,NC,60.78,clear sky,-22.2763,166.4572,H√¥tel Le Lagon
444,Burayevo,RU,62.31,broken clouds,55.8407,55.4083,"Gostnitsa ""Tanyp"""
447,Moranbah,AU,56.21,few clouds,-22.0016,148.0466,Direct Hotels - Monterey Moranbah
448,Lodeynoye Pole,RU,53.83,overcast clouds,60.726,33.5531,Svir Mini-Hotel
450,Pasinler,TR,63.59,scattered clouds,39.9803,41.6764,Kƒ±r Evi (Daƒüa Yakƒ±n)
451,Fayaoue,NC,71.24,overcast clouds,-20.65,166.5333,Chez Dydyce Guesthouse
453,Chhata,IN,88.61,broken clouds,27.7167,77.5,PG Hostel
454,Ormara,PK,79.03,overcast clouds,25.2088,64.6357,Crystal Beach and Camping Resort Ormara
455,Linqiong,CN,73.22,overcast clouds,30.4159,103.4609,Tianlun Tanxianglou Hotel
456,Dhuburi,IN,78.15,broken clouds,26.0333,89.9667,Hotel Samrat
457,Mocuba,MZ,62.26,few clouds,-16.8392,36.9856,Phama Lodge
458,Turka,UA,66.25,broken clouds,49.1541,23.0297,–ú–æ—Ç–µ–ª—å
459,Inuvik,CA,58.21,broken clouds,68.3499,-133.7218,Nova Inn Inuvik
460,Mabaruma,GY,77.05,broken clouds,8.2,-59.7833,Monty Brooms Guest House
462,Zhanakorgan,KZ,68.72,clear sky,43.9098,67.2495,"""–ê“õ–ø–∞–ª–∞—Å"" “õ–æ–Ω–∞“õ “Ø–π—ñ"
463,Margate,GB,65.7,scattered clouds,51.3813,1.3862,Premier Inn Margate hotel
464,Oussouye,SN,82.58,overcast clouds,12.485,-16.5469,Auberge du Routard
465,Lipari,IT,83.79,clear sky,38.4674,14.954,Hotel Villa Diana Soc. Clelia Hunziker s.a.s.
466,Haines Junction,CA,55.35,broken clouds,60.7522,-137.5108,Parkside Inn
468,La Maddalena,IT,80.65,clear sky,41.2142,9.4083,Hotel Il Gabbiano
469,Makakilo City,US,83.61,broken clouds,21.3469,-158.0858,Marriott's Ko Olina Beach Club
470,Matara,LK,77.7,overcast clouds,5.9485,80.5353,Amaloh Boutique Resort
471,Asyut,EG,87.98,clear sky,27.181,31.1837,Florence Hotel Assiut
473,Puerto Leguizamo,CO,82.71,scattered clouds,-0.1934,-74.7819,la casona de juancho
476,Hambantota,LK,78.69,overcast clouds,6.1241,81.1185,Bungalow 63
477,Calvinia,ZA,53.78,clear sky,-31.4707,19.776,Die Lemoenhuis
479,Kambove,CD,63.05,clear sky,-10.8764,26.5969,Couvant des soeurs catholiques
480,Korla,CN,72.97,overcast clouds,41.7597,86.1469,Gulisitan Hotel
481,Hun,LY,84.49,clear sky,29.1268,15.9477,Alrwasi Hotel
482,Rovira,CO,81.54,overcast clouds,4.2392,-75.24,ROVIRA RURAL
484,Zaraza,VE,74.95,overcast clouds,9.3503,-65.3245,Hotel Zaraza
486,Gumdag,TM,79.54,clear sky,39.2061,54.5906,
487,Wufeng,CN,59.34,broken clouds,27.45,104.8333,‰∏≠Â±±ÂÆæÈ¶Ü
488,Payyannur,IN,75.76,overcast clouds,12.1,75.2,Kavvayi Beach House
492,Bay-Khaak,RU,57.54,overcast clouds,51.1667,94.5,
493,Boden,SE,59.0,overcast clouds,65.8252,21.6886,Quality Hotel Bodensia
494,Denpasar,ID,78.46,few clouds,-8.65,115.2167,ASTON Denpasar Hotel & Convention Center
495,Malakal,SS,70.57,overcast clouds,9.5334,31.6605,Nile Palace Hotel
497,Deogarh,IN,78.17,overcast clouds,21.5333,84.7333,RM Hostel
499,Byron Bay,AU,56.88,few clouds,-28.65,153.6167,Backpackers Inn on the Beach
500,Douentza,ML,87.44,few clouds,14.9951,-2.9517,Ogomono Doumbo
501,Ulladulla,AU,57.09,clear sky,-35.35,150.4667,Sandpiper Motel
502,Sumenep,ID,78.84,clear sky,-7.0167,113.8667,OYO 3271 Homestay Pandian
503,Watrous,CA,87.58,broken clouds,51.6668,-105.4679,Manitou Hotel
506,Shumyachi,RU,62.37,few clouds,53.8583,32.4242,
507,Moron,AR,61.81,clear sky,-34.6534,-58.6198,Hotel Mor√≥n
508,Seoul,KR,74.64,clear sky,37.5683,126.9778,Î°ØÎç∞Ìò∏ÌÖî ÏÑúÏö∏
511,Kudahuvadhoo,MV,82.13,broken clouds,2.6708,72.8944,Niyama Private Islands Maldives
512,Mogadishu,SO,76.12,scattered clouds,2.0371,45.3438,Hotel Juba
514,Krasnoselkup,RU,53.91,scattered clouds,65.7,82.4667,Krasnosel'kupnefteprodukt
516,Havre-Saint-Pierre,CA,64.76,overcast clouds,50.2334,-63.5986,Auberge Niapiskau
517,Tanout,NE,84.51,overcast clouds,14.9709,8.8879,
519,Medzev,SK,71.76,scattered clouds,48.7004,20.8937,SoKoL
520,Klyuchi,RU,60.17,scattered clouds,52.2667,79.1667,Vesolaya Mayovka
522,Marawi,PH,65.64,overcast clouds,7.9986,124.2928,Derogongan Residence
523,Assiniboia,CA,85.91,overcast clouds,49.6334,-105.9845,Canalta Hotel Assiniboia
524,Bracebridge,CA,77.32,clear sky,45.0334,-79.3163,BRACEBRIDGE INN
526,Murdochville,CA,58.08,scattered clouds,48.9583,-65.5006,Les Suites √©conomique Murdochville
527,Ullal,IN,76.15,mist,12.8,74.85,AK INTERNATIONAL LODGE
529,Preobrazheniye,RU,60.94,broken clouds,42.9019,133.9064,Campsite Orlan
532,Kilindoni,TZ,76.12,clear sky,-7.9139,39.6668,Bustani B&B
533,Frunze,UA,65.23,overcast clouds,48.6686,38.7544,
534,Arsk,RU,65.98,scattered clouds,56.0915,49.8778,Gostinitsa Zapadnyy
535,Husavik,IS,57.11,scattered clouds,66.0449,-17.3389,Bjarnab√∫√∞
537,Port Arthur,CN,73.62,overcast clouds,38.8,121.2667,Friendship Hotel
538,Pelym,RU,58.06,clear sky,61.0108,61.9978,Obshchezhitiye Pelymskogo Lpumg
540,Lodja,CD,78.48,broken clouds,-3.4833,23.4333,
543,Filadelfia,US,88.27,broken clouds,39.9523,-75.1638,"The Ritz-Carlton, Philadelphia"
547,Comodoro Rivadavia,AR,62.46,clear sky,-45.8667,-67.5,Austral Hotel
549,Amapa,BR,75.81,overcast clouds,1.0,-52.0,
550,Erzin,TR,82.0,clear sky,36.9559,36.2,Artemis Otel
551,Filingue,NE,89.4,overcast clouds,14.3521,3.3168,
552,Lewiston,US,77.94,clear sky,44.1003,-70.2148,Hilton Garden Inn Auburn Riverwatch
554,Paracuru,BR,82.42,scattered clouds,-3.41,-39.0306,Hotel Vento Brasil
556,Mayo,US,85.03,broken clouds,38.8876,-76.5119,Resorts Resource Group International
557,Ponnani,IN,76.32,overcast clouds,10.767,75.9252,Rouba Residency
558,Bac Lieu,VN,77.34,broken clouds,9.285,105.7244,Kh√°ch s·∫°n S√†i G√≤n B·∫°c Li√™u
559,Inta,RU,56.14,overcast clouds,66.0317,60.1659,Apartments in Inta city
561,Bell Ville,AR,66.79,scattered clouds,-32.6259,-62.6887,Hotel Central
562,Manokwari,ID,78.3,scattered clouds,-0.8667,134.0833,Swiss Belhotel Manokwari
563,Praia,CV,81.14,broken clouds,14.9215,-23.5087,LT Aparthotel
565,Ravar,IR,81.93,few clouds,31.2656,56.8055,⁄©ÿßŸÅ€å ŸÜÿ™ Ÿà ⁄©ÿßŸÖŸæ€åŸàÿ™ÿ±Ÿæÿ±ÿ¥€åŸÜ ÿ≥€åÿ≥ÿ™ŸÖ
566,Ewa Beach,US,85.01,few clouds,21.3156,-158.0072,Uncle Junior Robert
569,Poykovskiy,RU,59.29,clear sky,61.2333,73.3333,Center hotel
571,Mitsamiouli,KM,77.04,clear sky,-11.3847,43.2844,Foyer ADM
573,Shache,CN,72.23,overcast clouds,38.4167,77.2406,Delong Hotel
574,Bratsk,RU,55.89,overcast clouds,56.1325,101.6142,"Gostinitsa ""Shvedka"""
576,Ucluelet,CA,83.05,scattered clouds,48.9329,-125.5528,Black Rock Oceanfront Resort
577,Maragogi,BR,73.9,broken clouds,-9.0122,-35.2225,Salinas do Maragogi All Inclusive Resort
